NOAA/NOS/CO-OPS					
"Disclaimer: These data are based upon the latest information available as of the date of your request, and may differ from the published tide tables. "					
Product Type: Annual Tide Prediction 					
StationName: Kenai River entrance					
State: 					
Stationid: TWC1983					
"ReferencedToStationName: SELDOVIA, Kachemak Bay"					
ReferenceToStationId: 9455500					
HeightOffsetLow: +0.50					
HeightOffsetHigh: +2.70					
TimeOffsetLow: 138					
TimeOffsetHigh: 112					
Prediction Type: Subordinate					
From: 20131231 00:00 - 20141231 23:59					
Units: feet(ft) also in centimeters(cm)					
Time Zone: GMT					
Datum: MLLW					
Interval Type: High/Low Tide Predictions					
 					
Date 	Day	Time	Pred(Ft)	Pred(cm)	High or Low
12/31/2013	Tue	6:17	-1.9	-58	L
12/31/2013	Tue	12:22	20.9	637	H
12/31/2013	Tue	18:22	3.5	107	L
12/31/2013	Tue	23:58	24	732	H
1/1/2014	Wed	7:03	-3.6	-110	L
1/1/2014	Wed	13:08	22.5	686	H
1/1/2014	Wed	19:12	2.1	64	L
1/2/2014	Thu	0:49	25	762	H
1/2/2014	Thu	7:47	-4.6	-140	L
1/2/2014	Thu	13:53	23.5	716	H
1/2/2014	Thu	20:00	1.2	37	L
1/3/2014	Fri	1:37	25.3	771	H
1/3/2014	Fri	8:31	-4.8	-146	L
1/3/2014	Fri	14:37	24	732	H
1/3/2014	Fri	20:47	0.7	21	L
1/4/2014	Sat	2:26	25	762	H
1/4/2014	Sat	9:15	-4.3	-131	L
1/4/2014	Sat	15:21	24	732	H
1/4/2014	Sat	21:36	0.8	24	L
1/5/2014	Sun	3:14	23.9	728	H
1/5/2014	Sun	10:00	-3	-91	L
1/5/2014	Sun	16:06	23.5	716	H
1/5/2014	Sun	22:26	1.3	40	L
1/6/2014	Mon	4:05	22.3	680	H
1/6/2014	Mon	10:46	-1.1	-34	L
1/6/2014	Mon	16:52	22.6	689	H
1/6/2014	Mon	23:21	2.1	64	L
1/7/2014	Tue	5:00	20.3	619	H
1/7/2014	Tue	11:35	1.1	34	L
1/7/2014	Tue	17:42	21.5	655	H
1/8/2014	Wed	0:21	3	91	L
1/8/2014	Wed	6:03	18.3	558	H
1/8/2014	Wed	12:29	3.3	101	L
1/8/2014	Wed	18:37	20.4	622	H
1/9/2014	Thu	1:31	3.7	113	L
1/9/2014	Thu	7:18	16.8	512	H
1/9/2014	Thu	13:31	5.3	162	L
1/9/2014	Thu	19:39	19.6	597	H
1/10/2014	Fri	2:50	3.8	116	L
1/10/2014	Fri	8:45	16.1	491	H
1/10/2014	Fri	14:43	6.5	198	L
1/10/2014	Fri	20:46	19.2	585	H
1/11/2014	Sat	4:07	3.3	101	L
1/11/2014	Sat	10:08	16.5	503	H
1/11/2014	Sat	15:58	7	213	L
1/11/2014	Sat	21:49	19.3	588	H
1/12/2014	Sun	5:08	2.4	73	L
1/12/2014	Sun	11:12	17.3	527	H
1/12/2014	Sun	17:02	6.7	204	L
1/12/2014	Sun	22:43	19.7	600	H
1/13/2014	Mon	5:55	1.5	46	L
1/13/2014	Mon	11:59	18.3	558	H
1/13/2014	Mon	17:52	6.1	186	L
1/13/2014	Mon	23:29	20.3	619	H
1/14/2014	Tue	6:34	0.6	18	L
1/14/2014	Tue	12:38	19.2	585	H
1/14/2014	Tue	18:33	5.3	162	L
1/15/2014	Wed	0:08	20.9	637	H
1/15/2014	Wed	7:07	-0.2	-6	L
1/15/2014	Wed	13:11	20	610	H
1/15/2014	Wed	19:10	4.5	137	L
1/16/2014	Thu	0:45	21.4	652	H
1/16/2014	Thu	7:39	-0.7	-21	L
1/16/2014	Thu	13:42	20.6	628	H
1/16/2014	Thu	19:45	3.7	113	L
1/17/2014	Fri	1:20	21.8	664	H
1/17/2014	Fri	8:10	-1.1	-34	L
1/17/2014	Fri	14:12	21.1	643	H
1/17/2014	Fri	20:20	3.2	98	L
1/18/2014	Sat	1:54	21.8	664	H
1/18/2014	Sat	8:40	-1.1	-34	L
1/18/2014	Sat	14:42	21.2	646	H
1/18/2014	Sat	20:54	3	91	L
1/19/2014	Sun	2:28	21.5	655	H
1/19/2014	Sun	9:11	-0.7	-21	L
1/19/2014	Sun	15:12	21.2	646	H
1/19/2014	Sun	21:29	3	91	L
1/20/2014	Mon	3:03	20.9	637	H
1/20/2014	Mon	9:43	0.1	3	L
1/20/2014	Mon	15:42	20.9	637	H
1/20/2014	Mon	22:05	3.3	101	L
1/21/2014	Tue	3:39	19.9	607	H
1/21/2014	Tue	10:16	1.1	34	L
1/21/2014	Tue	16:13	20.5	625	H
1/21/2014	Tue	22:44	3.7	113	L
1/22/2014	Wed	4:19	18.7	570	H
1/22/2014	Wed	10:51	2.4	73	L
1/22/2014	Wed	16:48	20	610	H
1/22/2014	Wed	23:29	4.2	128	L
1/23/2014	Thu	5:06	17.5	533	H
1/23/2014	Thu	11:32	3.9	119	L
1/23/2014	Thu	17:29	19.5	594	H
1/24/2014	Fri	0:23	4.5	137	L
1/24/2014	Fri	6:07	16.3	497	H
1/24/2014	Fri	12:23	5.3	162	L
1/24/2014	Fri	18:20	19.1	582	H
1/25/2014	Sat	1:32	4.5	137	L
1/25/2014	Sat	7:27	15.6	475	H
1/25/2014	Sat	13:30	6.5	198	L
1/25/2014	Sat	19:25	19	579	H
1/26/2014	Sun	2:51	3.9	119	L
1/26/2014	Sun	8:58	15.9	485	H
1/26/2014	Sun	14:51	6.9	210	L
1/26/2014	Sun	20:39	19.5	594	H
1/27/2014	Mon	4:06	2.4	73	L
1/27/2014	Mon	10:16	17.2	524	H
1/27/2014	Mon	16:08	6.3	192	L
1/27/2014	Mon	21:50	20.6	628	H
1/28/2014	Tue	5:09	0.4	12	L
1/28/2014	Tue	11:16	19	579	H
1/28/2014	Tue	17:14	4.8	146	L
1/28/2014	Tue	22:53	22	671	H
1/29/2014	Wed	6:01	-1.6	-49	L
1/29/2014	Wed	12:07	20.8	634	H
1/29/2014	Wed	18:10	3.1	94	L
1/29/2014	Wed	23:49	23.5	716	H
1/30/2014	Thu	6:48	-3.2	-98	L
1/30/2014	Thu	12:52	22.5	686	H
1/30/2014	Thu	19:00	1.3	40	L
1/31/2014	Fri	0:40	24.7	753	H
1/31/2014	Fri	7:32	-4.3	-131	L
1/31/2014	Fri	13:35	23.8	725	H
1/31/2014	Fri	19:47	-0.1	-3	L
2/1/2014	Sat	1:29	25.2	768	H
2/1/2014	Sat	8:15	-4.7	-143	L
2/1/2014	Sat	14:16	24.6	750	H
2/1/2014	Sat	20:33	-0.9	-27	L
2/2/2014	Sun	2:15	25.1	765	H
2/2/2014	Sun	8:57	-4.2	-128	L
2/2/2014	Sun	14:57	24.7	753	H
2/2/2014	Sun	21:19	-1.1	-34	L
2/3/2014	Mon	3:02	24.1	735	H
2/3/2014	Mon	9:38	-2.9	-88	L
2/3/2014	Mon	15:37	24.2	738	H
2/3/2014	Mon	22:05	-0.6	-18	L
2/4/2014	Tue	3:48	22.5	686	H
2/4/2014	Tue	10:20	-1	-30	L
2/4/2014	Tue	16:18	23.2	707	H
2/4/2014	Tue	22:53	0.5	15	L
2/5/2014	Wed	4:37	20.5	625	H
2/5/2014	Wed	11:03	1.3	40	L
2/5/2014	Wed	17:01	21.8	664	H
2/5/2014	Wed	23:46	1.9	58	L
2/6/2014	Thu	5:32	18.4	561	H
2/6/2014	Thu	11:51	3.7	113	L
2/6/2014	Thu	17:49	20.2	616	H
2/7/2014	Fri	0:47	3.3	101	L
2/7/2014	Fri	6:39	16.5	503	H
2/7/2014	Fri	12:47	5.9	180	L
2/7/2014	Fri	18:45	18.8	573	H
2/8/2014	Sat	2:02	4.3	131	L
2/8/2014	Sat	8:07	15.4	469	H
2/8/2014	Sat	13:58	7.4	226	L
2/8/2014	Sat	19:57	17.8	543	H
2/9/2014	Sun	3:32	4.4	134	L
2/9/2014	Sun	9:43	15.5	472	H
2/9/2014	Sun	15:26	8	244	L
2/9/2014	Sun	21:15	17.6	536	H
2/10/2014	Mon	4:47	3.7	113	L
2/10/2014	Mon	10:55	16.4	500	H
2/10/2014	Mon	16:44	7.4	226	L
2/10/2014	Mon	22:22	18.1	552	H
2/11/2014	Tue	5:38	2.6	79	L
2/11/2014	Tue	11:42	17.5	533	H
2/11/2014	Tue	17:38	6.4	195	L
2/11/2014	Tue	23:13	19	579	H
2/12/2014	Wed	6:16	1.6	49	L
2/12/2014	Wed	12:17	18.6	567	H
2/12/2014	Wed	18:19	5.2	158	L
2/12/2014	Wed	23:54	20	610	H
2/13/2014	Thu	6:48	0.6	18	L
2/13/2014	Thu	12:48	19.6	597	H
2/13/2014	Thu	18:54	3.9	119	L
2/14/2014	Fri	0:30	20.8	634	H
2/14/2014	Fri	7:18	-0.2	-6	L
2/14/2014	Fri	13:16	20.5	625	H
2/14/2014	Fri	19:27	2.8	85	L
2/15/2014	Sat	1:04	21.5	655	H
2/15/2014	Sat	7:47	-0.8	-24	L
2/15/2014	Sat	13:44	21.3	649	H
2/15/2014	Sat	19:59	1.9	58	L
2/16/2014	Sun	1:38	21.9	668	H
2/16/2014	Sun	8:16	-1	-30	L
2/16/2014	Sun	14:11	21.8	664	H
2/16/2014	Sun	20:32	1.3	40	L
2/17/2014	Mon	2:12	21.9	668	H
2/17/2014	Mon	8:46	-0.8	-24	L
2/17/2014	Mon	14:39	22	671	H
2/17/2014	Mon	21:05	1	30	L
2/18/2014	Tue	2:46	21.5	655	H
2/18/2014	Tue	9:17	-0.2	-6	L
2/18/2014	Tue	15:07	21.9	668	H
2/18/2014	Tue	21:39	1.1	34	L
2/19/2014	Wed	3:21	20.7	631	H
2/19/2014	Wed	9:49	0.8	24	L
2/19/2014	Wed	15:37	21.5	655	H
2/19/2014	Wed	22:16	1.5	46	L
2/20/2014	Thu	4:00	19.5	594	H
2/20/2014	Thu	10:24	2.1	64	L
2/20/2014	Thu	16:10	21	640	H
2/20/2014	Thu	22:57	2.1	64	L
2/21/2014	Fri	4:44	18.2	555	H
2/21/2014	Fri	11:03	3.7	113	L
2/21/2014	Fri	16:49	20.2	616	H
2/21/2014	Fri	23:48	2.9	88	L
2/22/2014	Sat	5:41	16.8	512	H
2/22/2014	Sat	11:52	5.2	158	L
2/22/2014	Sat	17:39	19.4	591	H
2/23/2014	Sun	0:53	3.5	107	L
2/23/2014	Sun	6:58	15.8	482	H
2/23/2014	Sun	13:00	6.6	201	L
2/23/2014	Sun	18:47	18.7	570	H
2/24/2014	Mon	2:15	3.5	107	L
2/24/2014	Mon	8:33	15.9	485	H
2/24/2014	Mon	14:26	7	213	L
2/24/2014	Mon	20:11	18.7	570	H
2/25/2014	Tue	3:40	2.5	76	L
2/25/2014	Tue	9:56	17.1	521	H
2/25/2014	Tue	15:52	6.2	189	L
2/25/2014	Tue	21:34	19.6	597	H
2/26/2014	Wed	4:49	0.9	27	L
2/26/2014	Wed	10:57	18.9	576	H
2/26/2014	Wed	17:02	4.4	134	L
2/26/2014	Wed	22:42	21.1	643	H
2/27/2014	Thu	5:44	-0.9	-27	L
2/27/2014	Thu	11:47	20.8	634	H
2/27/2014	Thu	17:58	2.2	67	L
2/27/2014	Thu	23:40	22.7	692	H
2/28/2014	Fri	6:31	-2.4	-73	L
2/28/2014	Fri	12:30	22.6	689	H
2/28/2014	Fri	18:47	0.1	3	L
3/1/2014	Sat	0:31	23.9	728	H
3/1/2014	Sat	7:14	-3.4	-104	L
3/1/2014	Sat	13:11	23.9	728	H
3/1/2014	Sat	19:32	-1.5	-46	L
3/2/2014	Sun	1:18	24.6	750	H
3/2/2014	Sun	7:55	-3.7	-113	L
3/2/2014	Sun	13:50	24.7	753	H
3/2/2014	Sun	20:16	-2.4	-73	L
3/3/2014	Mon	2:03	24.5	747	H
3/3/2014	Mon	8:34	-3.2	-98	L
3/3/2014	Mon	14:28	24.8	756	H
3/3/2014	Mon	20:59	-2.6	-79	L
3/4/2014	Tue	2:47	23.7	722	H
3/4/2014	Tue	9:14	-2	-61	L
3/4/2014	Tue	15:06	24.3	741	H
3/4/2014	Tue	21:41	-2	-61	L
3/5/2014	Wed	3:30	22.3	680	H
3/5/2014	Wed	9:53	-0.2	-6	L
3/5/2014	Wed	15:43	23.1	704	H
3/5/2014	Wed	22:25	-0.7	-21	L
3/6/2014	Thu	4:15	20.5	625	H
3/6/2014	Thu	10:34	1.9	58	L
3/6/2014	Thu	16:22	21.5	655	H
3/6/2014	Thu	23:11	1	30	L
3/7/2014	Fri	5:04	18.4	561	H
3/7/2014	Fri	11:17	4.1	125	L
3/7/2014	Fri	17:04	19.7	600	H
3/8/2014	Sat	0:04	2.8	85	L
3/8/2014	Sat	6:03	16.5	503	H
3/8/2014	Sat	12:09	6.2	189	L
3/8/2014	Sat	17:55	18	549	H
3/9/2014	Sun	1:10	4.3	131	L
3/9/2014	Sun	7:23	15.2	463	H
3/9/2014	Sun	13:17	7.7	235	L
3/9/2014	Sun	19:04	16.7	509	H
3/10/2014	Mon	2:39	5	152	L
3/10/2014	Mon	9:02	15.1	460	H
3/10/2014	Mon	14:51	8.2	250	L
3/10/2014	Mon	20:34	16.2	494	H
3/11/2014	Tue	4:08	4.6	140	L
3/11/2014	Tue	10:20	15.9	485	H
3/11/2014	Tue	16:20	7.5	229	L
3/11/2014	Tue	21:54	16.8	512	H
3/12/2014	Wed	5:06	3.7	113	L
3/12/2014	Wed	11:08	17	518	H
3/12/2014	Wed	17:17	6.2	189	L
3/12/2014	Wed	22:49	17.8	543	H
3/13/2014	Thu	5:46	2.6	79	L
3/13/2014	Thu	11:43	18.2	555	H
3/13/2014	Thu	17:57	4.6	140	L
3/13/2014	Thu	23:32	19	579	H
3/14/2014	Fri	6:18	1.5	46	L
3/14/2014	Fri	12:13	19.4	591	H
3/14/2014	Fri	18:31	3.1	94	L
3/15/2014	Sat	0:09	20.1	613	H
3/15/2014	Sat	6:48	0.6	18	L
3/15/2014	Sat	12:41	20.5	625	H
3/15/2014	Sat	19:03	1.7	52	L
3/16/2014	Sun	0:44	21	640	H
3/16/2014	Sun	7:17	-0.1	-3	L
3/16/2014	Sun	13:08	21.4	652	H
3/16/2014	Sun	19:35	0.4	12	L
3/17/2014	Mon	1:19	21.6	658	H
3/17/2014	Mon	7:48	-0.4	-12	L
3/17/2014	Mon	13:36	22.1	674	H
3/17/2014	Mon	20:08	-0.4	-12	L
3/18/2014	Tue	1:54	21.9	668	H
3/18/2014	Tue	8:19	-0.4	-12	L
3/18/2014	Tue	14:05	22.5	686	H
3/18/2014	Tue	20:41	-0.9	-27	L
3/19/2014	Wed	2:29	21.7	661	H
3/19/2014	Wed	8:51	0.1	3	L
3/19/2014	Wed	14:34	22.5	686	H
3/19/2014	Wed	21:16	-0.9	-27	L
3/20/2014	Thu	3:06	21	640	H
3/20/2014	Thu	9:26	1	30	L
3/20/2014	Thu	15:06	22.2	677	H
3/20/2014	Thu	21:53	-0.5	-15	L
3/21/2014	Fri	3:46	20	610	H
3/21/2014	Fri	10:03	2.3	70	L
3/21/2014	Fri	15:41	21.5	655	H
3/21/2014	Fri	22:35	0.3	9	L
3/22/2014	Sat	4:32	18.7	570	H
3/22/2014	Sat	10:45	3.7	113	L
3/22/2014	Sat	16:23	20.5	625	H
3/22/2014	Sat	23:26	1.3	40	L
3/23/2014	Sun	5:29	17.4	530	H
3/23/2014	Sun	11:37	5.2	158	L
3/23/2014	Sun	17:15	19.3	588	H
3/24/2014	Mon	0:29	2.3	70	L
3/24/2014	Mon	6:44	16.5	503	H
3/24/2014	Mon	12:47	6.3	192	L
3/24/2014	Mon	18:26	18.3	558	H
3/25/2014	Tue	1:48	2.9	88	L
3/25/2014	Tue	8:12	16.5	503	H
3/25/2014	Tue	14:14	6.5	198	L
3/25/2014	Tue	19:56	18	549	H
3/26/2014	Wed	3:13	2.5	76	L
3/26/2014	Wed	9:31	17.6	536	H
3/26/2014	Wed	15:40	5.4	165	L
3/26/2014	Wed	21:23	18.7	570	H
3/27/2014	Thu	4:25	1.3	40	L
3/27/2014	Thu	10:32	19.2	585	H
3/27/2014	Thu	16:49	3.4	104	L
3/27/2014	Thu	22:32	20.1	613	H
3/28/2014	Fri	5:21	0	0	L
3/28/2014	Fri	11:21	21	640	H
3/28/2014	Fri	17:44	1.1	34	L
3/28/2014	Fri	23:30	21.5	655	H
3/29/2014	Sat	6:08	-1	-30	L
3/29/2014	Sat	12:04	22.5	686	H
3/29/2014	Sat	18:32	-0.9	-27	L
3/30/2014	Sun	0:20	22.7	692	H
3/30/2014	Sun	6:51	-1.7	-52	L
3/30/2014	Sun	12:43	23.7	722	H
3/30/2014	Sun	19:16	-2.5	-76	L
3/31/2014	Mon	1:06	23.3	710	H
3/31/2014	Mon	7:32	-1.8	-55	L
3/31/2014	Mon	13:21	24.3	741	H
3/31/2014	Mon	19:57	-3.3	-101	L
4/1/2014	Tue	1:49	23.4	713	H
4/1/2014	Tue	8:11	-1.4	-43	L
4/1/2014	Tue	13:58	24.3	741	H
4/1/2014	Tue	20:37	-3.3	-101	L
4/2/2014	Wed	2:31	22.8	695	H
4/2/2014	Wed	8:49	-0.4	-12	L
4/2/2014	Wed	14:34	23.6	719	H
4/2/2014	Wed	21:17	-2.7	-82	L
4/3/2014	Thu	3:13	21.7	661	H
4/3/2014	Thu	9:28	1	30	L
4/3/2014	Thu	15:10	22.5	686	H
4/3/2014	Thu	21:58	-1.4	-43	L
4/4/2014	Fri	3:55	20.2	616	H
4/4/2014	Fri	10:07	2.7	82	L
4/4/2014	Fri	15:47	20.9	637	H
4/4/2014	Fri	22:40	0.3	9	L
4/5/2014	Sat	4:40	18.5	564	H
4/5/2014	Sat	10:49	4.5	137	L
4/5/2014	Sat	16:26	19.2	585	H
4/5/2014	Sat	23:27	2.1	64	L
4/6/2014	Sun	5:33	16.9	515	H
4/6/2014	Sun	11:39	6.2	189	L
4/6/2014	Sun	17:13	17.5	533	H
4/7/2014	Mon	0:23	3.7	113	L
4/7/2014	Mon	6:40	15.7	479	H
4/7/2014	Mon	12:43	7.5	229	L
4/7/2014	Mon	18:16	16.1	491	H
4/8/2014	Tue	1:36	4.8	146	L
4/8/2014	Tue	8:04	15.3	466	H
4/8/2014	Tue	14:09	7.9	241	L
4/8/2014	Tue	19:42	15.4	469	H
4/9/2014	Wed	3:01	5	152	L
4/9/2014	Wed	9:22	15.7	479	H
4/9/2014	Wed	15:40	7.2	219	L
4/9/2014	Wed	21:09	15.7	479	H
4/10/2014	Thu	4:10	4.5	137	L
4/10/2014	Thu	10:15	16.7	509	H
4/10/2014	Thu	16:41	5.8	177	L
4/10/2014	Thu	22:13	16.7	509	H
4/11/2014	Fri	4:58	3.7	113	L
4/11/2014	Fri	10:54	17.9	546	H
4/11/2014	Fri	17:24	4.1	125	L
4/11/2014	Fri	23:01	17.9	546	H
4/12/2014	Sat	5:35	2.7	82	L
4/12/2014	Sat	11:27	19.1	582	H
4/12/2014	Sat	18:01	2.4	73	L
4/12/2014	Sat	23:42	19.1	582	H
4/13/2014	Sun	6:10	1.9	58	L
4/13/2014	Sun	11:57	20.3	619	H
4/13/2014	Sun	18:35	0.8	24	L
4/14/2014	Mon	0:20	20.2	616	H
4/14/2014	Mon	6:43	1.1	34	L
4/14/2014	Mon	12:28	21.4	652	H
4/14/2014	Mon	19:08	-0.7	-21	L
4/15/2014	Tue	0:58	21	640	H
4/15/2014	Tue	7:17	0.7	21	L
4/15/2014	Tue	12:59	22.3	680	H
4/15/2014	Tue	19:43	-1.8	-55	L
4/16/2014	Wed	1:35	21.5	655	H
4/16/2014	Wed	7:52	0.6	18	L
4/16/2014	Wed	13:32	22.8	695	H
4/16/2014	Wed	20:18	-2.5	-76	L
4/17/2014	Thu	2:14	21.6	658	H
4/17/2014	Thu	8:28	0.8	24	L
4/17/2014	Thu	14:06	22.9	698	H
4/17/2014	Thu	20:56	-2.6	-79	L
4/18/2014	Fri	2:54	21.2	646	H
4/18/2014	Fri	9:06	1.5	46	L
4/18/2014	Fri	14:42	22.6	689	H
4/18/2014	Fri	21:36	-2.2	-67	L
4/19/2014	Sat	3:38	20.4	622	H
4/19/2014	Sat	9:48	2.5	76	L
4/19/2014	Sat	15:22	21.9	668	H
4/19/2014	Sat	22:21	-1.3	-40	L
4/20/2014	Sun	4:26	19.4	591	H
4/20/2014	Sun	10:35	3.7	113	L
4/20/2014	Sun	16:08	20.7	631	H
4/20/2014	Sun	23:12	-0.1	-3	L
4/21/2014	Mon	5:24	18.3	558	H
4/21/2014	Mon	11:32	4.8	146	L
4/21/2014	Mon	17:05	19.3	588	H
4/22/2014	Tue	0:13	1.1	34	L
4/22/2014	Tue	6:32	17.7	539	H
4/22/2014	Tue	12:42	5.5	168	L
4/22/2014	Tue	18:17	18.1	552	H
4/23/2014	Wed	1:25	2.1	64	L
4/23/2014	Wed	7:49	17.7	539	H
4/23/2014	Wed	14:05	5.4	165	L
4/23/2014	Wed	19:44	17.5	533	H
4/24/2014	Thu	2:43	2.3	70	L
4/24/2014	Thu	9:00	18.5	564	H
4/24/2014	Thu	15:26	4.2	128	L
4/24/2014	Thu	21:09	18	549	H
4/25/2014	Fri	3:54	2	61	L
4/25/2014	Fri	10:00	19.7	600	H
4/25/2014	Fri	16:34	2.3	70	L
4/25/2014	Fri	22:19	19	579	H
4/26/2014	Sat	4:53	1.4	43	L
4/26/2014	Sat	10:50	21	640	H
4/26/2014	Sat	17:28	0.3	9	L
4/26/2014	Sat	23:17	20.1	613	H
4/27/2014	Sun	5:42	0.8	24	L
4/27/2014	Sun	11:34	22.1	674	H
4/27/2014	Sun	18:15	-1.4	-43	L
4/28/2014	Mon	0:08	21.1	643	H
4/28/2014	Mon	6:27	0.5	15	L
4/28/2014	Mon	12:14	22.9	698	H
4/28/2014	Mon	18:58	-2.6	-79	L
4/29/2014	Tue	0:53	21.7	661	H
4/29/2014	Tue	7:08	0.4	12	L
4/29/2014	Tue	12:53	23.3	710	H
4/29/2014	Tue	19:38	-3.3	-101	L
4/30/2014	Wed	1:36	21.8	664	H
4/30/2014	Wed	7:48	0.7	21	L
4/30/2014	Wed	13:30	23.2	707	H
4/30/2014	Wed	20:17	-3.3	-101	L
5/1/2014	Thu	2:17	21.6	658	H
5/1/2014	Thu	8:26	1.3	40	L
5/1/2014	Thu	14:06	22.7	692	H
5/1/2014	Thu	20:55	-2.7	-82	L
5/2/2014	Fri	2:57	20.9	637	H
5/2/2014	Fri	9:05	2.3	70	L
5/2/2014	Fri	14:42	21.7	661	H
5/2/2014	Fri	21:34	-1.6	-49	L
5/3/2014	Sat	3:37	19.9	607	H
5/3/2014	Sat	9:44	3.4	104	L
5/3/2014	Sat	15:18	20.5	625	H
5/3/2014	Sat	22:13	-0.2	-6	L
5/4/2014	Sun	4:20	18.7	570	H
5/4/2014	Sun	10:26	4.7	143	L
5/4/2014	Sun	15:57	19	579	H
5/4/2014	Sun	22:56	1.3	40	L
5/5/2014	Mon	5:06	17.5	533	H
5/5/2014	Mon	11:14	5.9	180	L
5/5/2014	Mon	16:42	17.5	533	H
5/5/2014	Mon	23:43	2.8	85	L
5/6/2014	Tue	6:01	16.6	506	H
5/6/2014	Tue	12:11	6.8	207	L
5/6/2014	Tue	17:38	16.1	491	H
5/7/2014	Wed	0:40	4	122	L
5/7/2014	Wed	7:04	16.1	491	H
5/7/2014	Wed	13:23	7.1	216	L
5/7/2014	Wed	18:50	15.2	463	H
5/8/2014	Thu	1:46	4.7	143	L
5/8/2014	Thu	8:10	16.2	494	H
5/8/2014	Thu	14:42	6.7	204	L
5/8/2014	Thu	20:11	15.1	460	H
5/9/2014	Fri	2:54	4.9	149	L
5/9/2014	Fri	9:07	16.8	512	H
5/9/2014	Fri	15:51	5.5	168	L
5/9/2014	Fri	21:24	15.6	475	H
5/10/2014	Sat	3:54	4.6	140	L
5/10/2014	Sat	9:53	17.8	543	H
5/10/2014	Sat	16:42	3.9	119	L
5/10/2014	Sat	22:22	16.7	509	H
5/11/2014	Sun	4:43	4	122	L
5/11/2014	Sun	10:33	18.9	576	H
5/11/2014	Sun	17:25	2.1	64	L
5/11/2014	Sun	23:10	17.9	546	H
5/12/2014	Mon	5:26	3.3	101	L
5/12/2014	Mon	11:10	20.1	613	H
5/12/2014	Mon	18:03	0.3	9	L
5/12/2014	Mon	23:54	19.1	582	H
5/13/2014	Tue	6:07	2.6	79	L
5/13/2014	Tue	11:47	21.3	649	H
5/13/2014	Tue	18:41	-1.3	-40	L
5/14/2014	Wed	0:37	20.2	616	H
5/14/2014	Wed	6:47	1.9	58	L
5/14/2014	Wed	12:24	22.3	680	H
5/14/2014	Wed	19:20	-2.6	-79	L
5/15/2014	Thu	1:18	21	640	H
5/15/2014	Thu	7:27	1.6	49	L
5/15/2014	Thu	13:03	23	701	H
5/15/2014	Thu	19:59	-3.5	-107	L
5/16/2014	Fri	2:01	21.4	652	H
5/16/2014	Fri	8:08	1.5	46	L
5/16/2014	Fri	13:43	23.3	710	H
5/16/2014	Fri	20:40	-3.8	-116	L
5/17/2014	Sat	2:44	21.4	652	H
5/17/2014	Sat	8:51	1.7	52	L
5/17/2014	Sat	14:25	23	701	H
5/17/2014	Sat	21:23	-3.5	-107	L
5/18/2014	Sun	3:30	21.1	643	H
5/18/2014	Sun	9:37	2.2	67	L
5/18/2014	Sun	15:11	22.3	680	H
5/18/2014	Sun	22:09	-2.7	-82	L
5/19/2014	Mon	4:19	20.4	622	H
5/19/2014	Mon	10:28	3	91	L
5/19/2014	Mon	16:01	21.1	643	H
5/19/2014	Mon	23:00	-1.4	-43	L
5/20/2014	Tue	5:13	19.7	600	H
5/20/2014	Tue	11:26	3.7	113	L
5/20/2014	Tue	16:59	19.6	597	H
5/20/2014	Tue	23:57	0	0	L
5/21/2014	Wed	6:14	19.2	585	H
5/21/2014	Wed	12:33	4.2	128	L
5/21/2014	Wed	18:09	18.2	555	H
5/22/2014	Thu	1:00	1.4	43	L
5/22/2014	Thu	7:19	19	579	H
5/22/2014	Thu	13:49	4	122	L
5/22/2014	Thu	19:29	17.3	527	H
5/23/2014	Fri	2:10	2.4	73	L
5/23/2014	Fri	8:24	19.3	588	H
5/23/2014	Fri	15:06	3.1	94	L
5/23/2014	Fri	20:51	17.2	524	H
5/24/2014	Sat	3:19	2.9	88	L
5/24/2014	Sat	9:24	20	610	H
5/24/2014	Sat	16:14	1.7	52	L
5/24/2014	Sat	22:03	17.8	543	H
5/25/2014	Sun	4:21	3	91	L
5/25/2014	Sun	10:17	20.7	631	H
5/25/2014	Sun	17:11	0.2	6	L
5/25/2014	Sun	23:04	18.6	567	H
5/26/2014	Mon	5:15	2.8	85	L
5/26/2014	Mon	11:04	21.4	652	H
5/26/2014	Mon	17:59	-1.1	-34	L
5/26/2014	Mon	23:56	19.4	591	H
5/27/2014	Tue	6:03	2.7	82	L
5/27/2014	Tue	11:47	21.9	668	H
5/27/2014	Tue	18:42	-2	-61	L
5/28/2014	Wed	0:42	20.1	613	H
5/28/2014	Wed	6:47	2.5	76	L
5/28/2014	Wed	12:27	22.1	674	H
5/28/2014	Wed	19:22	-2.6	-79	L
5/29/2014	Thu	1:24	20.4	622	H
5/29/2014	Thu	7:27	2.5	76	L
5/29/2014	Thu	13:05	22.1	674	H
5/29/2014	Thu	20:00	-2.7	-82	L
5/30/2014	Fri	2:04	20.5	625	H
5/30/2014	Fri	8:07	2.7	82	L
5/30/2014	Fri	13:42	21.8	664	H
5/30/2014	Fri	20:36	-2.3	-70	L
5/31/2014	Sat	2:42	20.3	619	H
5/31/2014	Sat	8:45	3.1	94	L
5/31/2014	Sat	14:19	21.2	646	H
5/31/2014	Sat	21:13	-1.7	-52	L
6/1/2014	Sun	3:20	19.8	604	H
6/1/2014	Sun	9:24	3.6	110	L
6/1/2014	Sun	14:56	20.3	619	H
6/1/2014	Sun	21:50	-0.7	-21	L
6/2/2014	Mon	3:58	19.1	582	H
6/2/2014	Mon	10:05	4.4	134	L
6/2/2014	Mon	15:34	19.2	585	H
6/2/2014	Mon	22:28	0.5	15	L
6/3/2014	Tue	4:38	18.4	561	H
6/3/2014	Tue	10:49	5.1	155	L
6/3/2014	Tue	16:16	17.9	546	H
6/3/2014	Tue	23:09	1.7	52	L
6/4/2014	Wed	5:21	17.7	539	H
6/4/2014	Wed	11:38	5.7	174	L
6/4/2014	Wed	17:04	16.7	509	H
6/4/2014	Wed	23:53	3	91	L
6/5/2014	Thu	6:08	17.2	524	H
6/5/2014	Thu	12:36	6.1	186	L
6/5/2014	Thu	18:03	15.6	475	H
6/6/2014	Fri	0:45	4	122	L
6/6/2014	Fri	7:01	17	518	H
6/6/2014	Fri	13:42	6	183	L
6/6/2014	Fri	19:13	15	457	H
6/7/2014	Sat	1:44	4.8	146	L
6/7/2014	Sat	7:55	17.2	524	H
6/7/2014	Sat	14:51	5.2	158	L
6/7/2014	Sat	20:29	15	457	H
6/8/2014	Sun	2:46	5.2	158	L
6/8/2014	Sun	8:48	17.9	546	H
6/8/2014	Sun	15:53	3.9	119	L
6/8/2014	Sun	21:38	15.7	479	H
6/9/2014	Mon	3:47	5.1	155	L
6/9/2014	Mon	9:38	18.8	573	H
6/9/2014	Mon	16:46	2.2	67	L
6/9/2014	Mon	22:38	16.9	515	H
6/10/2014	Tue	4:42	4.6	140	L
6/10/2014	Tue	10:25	20	610	H
6/10/2014	Tue	17:33	0.3	9	L
6/10/2014	Tue	23:29	18.2	555	H
6/11/2014	Wed	5:33	3.8	116	L
6/11/2014	Wed	11:10	21.2	646	H
6/11/2014	Wed	18:16	-1.4	-43	L
6/12/2014	Thu	0:17	19.5	594	H
6/12/2014	Thu	6:20	3	91	L
6/12/2014	Thu	11:56	22.3	680	H
6/12/2014	Thu	18:59	-3	-91	L
6/13/2014	Fri	1:03	20.7	631	H
6/13/2014	Fri	7:06	2.2	67	L
6/13/2014	Fri	12:41	23.2	707	H
6/13/2014	Fri	19:42	-4.1	-125	L
6/14/2014	Sat	1:47	21.5	655	H
6/14/2014	Sat	7:52	1.6	49	L
6/14/2014	Sat	13:27	23.7	722	H
6/14/2014	Sat	20:25	-4.6	-140	L
6/15/2014	Sun	2:32	22	671	H
6/15/2014	Sun	8:38	1.3	40	L
6/15/2014	Sun	14:14	23.6	719	H
6/15/2014	Sun	21:10	-4.5	-137	L
6/16/2014	Mon	3:17	22.1	674	H
6/16/2014	Mon	9:26	1.3	40	L
6/16/2014	Mon	15:02	23	701	H
6/16/2014	Mon	21:56	-3.7	-113	L
6/17/2014	Tue	4:04	21.8	664	H
6/17/2014	Tue	10:17	1.6	49	L
6/17/2014	Tue	15:54	21.7	661	H
6/17/2014	Tue	22:44	-2.3	-70	L
6/18/2014	Wed	4:54	21.3	649	H
6/18/2014	Wed	11:13	2.1	64	L
6/18/2014	Wed	16:50	20.2	616	H
6/18/2014	Wed	23:35	-0.6	-18	L
6/19/2014	Thu	5:47	20.7	631	H
6/19/2014	Thu	12:15	2.7	82	L
6/19/2014	Thu	17:54	18.5	564	H
6/20/2014	Fri	0:32	1.2	37	L
6/20/2014	Fri	6:44	20.1	613	H
6/20/2014	Fri	13:25	2.9	88	L
6/20/2014	Fri	19:08	17.2	524	H
6/21/2014	Sat	1:35	2.9	88	L
6/21/2014	Sat	7:45	19.8	604	H
6/21/2014	Sat	14:39	2.6	79	L
6/21/2014	Sat	20:28	16.6	506	H
6/22/2014	Sun	2:42	4	122	L
6/22/2014	Sun	8:47	19.7	600	H
6/22/2014	Sun	15:52	1.9	58	L
6/22/2014	Sun	21:46	16.7	509	H
6/23/2014	Mon	3:50	4.6	140	L
6/23/2014	Mon	9:45	19.9	607	H
6/23/2014	Mon	16:54	0.9	27	L
6/23/2014	Mon	22:53	17.4	530	H
6/24/2014	Tue	4:51	4.7	143	L
6/24/2014	Tue	10:38	20.3	619	H
6/24/2014	Tue	17:45	-0.1	-3	L
6/24/2014	Tue	23:47	18.2	555	H
6/25/2014	Wed	5:44	4.4	134	L
6/25/2014	Wed	11:25	20.7	631	H
6/25/2014	Wed	18:29	-0.9	-27	L
6/26/2014	Thu	0:33	18.9	576	H
6/26/2014	Thu	6:30	4	122	L
6/26/2014	Thu	12:08	21	640	H
6/26/2014	Thu	19:08	-1.5	-46	L
6/27/2014	Fri	1:13	19.5	594	H
6/27/2014	Fri	7:11	3.6	110	L
6/27/2014	Fri	12:47	21.2	646	H
6/27/2014	Fri	19:44	-1.8	-55	L
6/28/2014	Sat	1:49	19.9	607	H
6/28/2014	Sat	7:49	3.3	101	L
6/28/2014	Sat	13:25	21.2	646	H
6/28/2014	Sat	20:18	-1.8	-55	L
6/29/2014	Sun	2:24	20.1	613	H
6/29/2014	Sun	8:27	3.2	98	L
6/29/2014	Sun	14:01	21	640	H
6/29/2014	Sun	20:52	-1.6	-49	L
6/30/2014	Mon	2:58	20.1	613	H
6/30/2014	Mon	9:04	3.2	98	L
6/30/2014	Mon	14:37	20.5	625	H
6/30/2014	Mon	21:26	-1	-30	L
7/1/2014	Tue	3:31	19.8	604	H
7/1/2014	Tue	9:42	3.5	107	L
7/1/2014	Tue	15:14	19.8	604	H
7/1/2014	Tue	22:00	-0.1	-3	L
7/2/2014	Wed	4:05	19.4	591	H
7/2/2014	Wed	10:21	3.9	119	L
7/2/2014	Wed	15:52	18.7	570	H
7/2/2014	Wed	22:35	1	30	L
7/3/2014	Thu	4:40	18.9	576	H
7/3/2014	Thu	11:03	4.4	134	L
7/3/2014	Thu	16:34	17.6	536	H
7/3/2014	Thu	23:13	2.2	67	L
7/4/2014	Fri	5:17	18.4	561	H
7/4/2014	Fri	11:51	4.9	149	L
7/4/2014	Fri	17:23	16.4	500	H
7/4/2014	Fri	23:55	3.5	107	L
7/5/2014	Sat	6:00	18	549	H
7/5/2014	Sat	12:47	5	152	L
7/5/2014	Sat	18:23	15.4	469	H
7/6/2014	Sun	0:45	4.7	143	L
7/6/2014	Sun	6:49	17.9	546	H
7/6/2014	Sun	13:52	4.8	146	L
7/6/2014	Sun	19:37	14.9	454	H
7/7/2014	Mon	1:47	5.6	171	L
7/7/2014	Mon	7:46	18.1	552	H
7/7/2014	Mon	15:02	4	122	L
7/7/2014	Mon	20:56	15.2	463	H
7/8/2014	Tue	2:56	6	183	L
7/8/2014	Tue	8:47	18.7	570	H
7/8/2014	Tue	16:08	2.5	76	L
7/8/2014	Tue	22:08	16.2	494	H
7/9/2014	Wed	4:04	5.6	171	L
7/9/2014	Wed	9:46	19.7	600	H
7/9/2014	Wed	17:04	0.7	21	L
7/9/2014	Wed	23:07	17.7	539	H
7/10/2014	Thu	5:05	4.7	143	L
7/10/2014	Thu	10:42	21	640	H
7/10/2014	Thu	17:55	-1.2	-37	L
7/10/2014	Thu	23:59	19.2	585	H
7/11/2014	Fri	5:59	3.5	107	L
7/11/2014	Fri	11:35	22.3	680	H
7/11/2014	Fri	18:41	-2.9	-88	L
7/12/2014	Sat	0:46	20.8	634	H
7/12/2014	Sat	6:49	2.1	64	L
7/12/2014	Sat	12:26	23.5	716	H
7/12/2014	Sat	19:26	-4.2	-128	L
7/13/2014	Sun	1:30	22	671	H
7/13/2014	Sun	7:37	0.9	27	L
7/13/2014	Sun	13:15	24.2	738	H
7/13/2014	Sun	20:10	-4.9	-149	L
7/14/2014	Mon	2:14	22.9	698	H
7/14/2014	Mon	8:24	0.1	3	L
7/14/2014	Mon	14:04	24.3	741	H
7/14/2014	Mon	20:53	-4.8	-146	L
7/15/2014	Tue	2:57	23.3	710	H
7/15/2014	Tue	9:12	-0.3	-9	L
7/15/2014	Tue	14:52	23.7	722	H
7/15/2014	Tue	21:37	-4	-122	L
7/16/2014	Wed	3:41	23.2	707	H
7/16/2014	Wed	10:01	-0.1	-3	L
7/16/2014	Wed	15:42	22.5	686	H
7/16/2014	Wed	22:22	-2.5	-76	L
7/17/2014	Thu	4:26	22.6	689	H
7/17/2014	Thu	10:53	0.5	15	L
7/17/2014	Thu	16:35	20.8	634	H
7/17/2014	Thu	23:10	-0.5	-15	L
7/18/2014	Fri	5:13	21.7	661	H
7/18/2014	Fri	11:50	1.4	43	L
7/18/2014	Fri	17:34	18.9	576	H
7/19/2014	Sat	0:01	1.7	52	L
7/19/2014	Sat	6:05	20.6	628	H
7/19/2014	Sat	12:54	2.2	67	L
7/19/2014	Sat	18:42	17.2	524	H
7/20/2014	Sun	0:59	3.8	116	L
7/20/2014	Sun	7:04	19.7	600	H
7/20/2014	Sun	14:08	2.7	82	L
7/20/2014	Sun	20:03	16.1	491	H
7/21/2014	Mon	2:07	5.3	162	L
7/21/2014	Mon	8:10	19	579	H
7/21/2014	Mon	15:27	2.6	79	L
7/21/2014	Mon	21:29	16	488	H
7/22/2014	Tue	3:23	6.1	186	L
7/22/2014	Tue	9:17	18.8	573	H
7/22/2014	Tue	16:37	2	61	L
7/22/2014	Tue	22:42	16.7	509	H
7/23/2014	Wed	4:34	6.1	186	L
7/23/2014	Wed	10:19	19.1	582	H
7/23/2014	Wed	17:33	1.2	37	L
7/23/2014	Wed	23:37	17.5	533	H
7/24/2014	Thu	5:31	5.5	168	L
7/24/2014	Thu	11:10	19.6	597	H
7/24/2014	Thu	18:16	0.3	9	L
7/25/2014	Fri	0:20	18.4	561	H
7/25/2014	Fri	6:17	4.7	143	L
7/25/2014	Fri	11:54	20.2	616	H
7/25/2014	Fri	18:53	-0.4	-12	L
7/26/2014	Sat	0:56	19.2	585	H
7/26/2014	Sat	6:56	3.9	119	L
7/26/2014	Sat	12:33	20.7	631	H
7/26/2014	Sat	19:26	-0.9	-27	L
7/27/2014	Sun	1:28	19.9	607	H
7/27/2014	Sun	7:32	3.1	94	L
7/27/2014	Sun	13:09	21.1	643	H
7/27/2014	Sun	19:57	-1.3	-40	L
7/28/2014	Mon	1:59	20.4	622	H
7/28/2014	Mon	8:07	2.6	79	L
7/28/2014	Mon	13:44	21.3	649	H
7/28/2014	Mon	20:28	-1.3	-40	L
7/29/2014	Tue	2:28	20.6	628	H
7/29/2014	Tue	8:41	2.3	70	L
7/29/2014	Tue	14:18	21.1	643	H
7/29/2014	Tue	20:59	-1	-30	L
7/30/2014	Wed	2:58	20.7	631	H
7/30/2014	Wed	9:16	2.2	67	L
7/30/2014	Wed	14:53	20.5	625	H
7/30/2014	Wed	21:31	-0.3	-9	L
7/31/2014	Thu	3:27	20.4	622	H
7/31/2014	Thu	9:51	2.5	76	L
7/31/2014	Thu	15:28	19.7	600	H
7/31/2014	Thu	22:03	0.8	24	L
8/1/2014	Fri	3:58	20	610	H
8/1/2014	Fri	10:28	2.9	88	L
8/1/2014	Fri	16:06	18.6	567	H
8/1/2014	Fri	22:37	2	61	L
8/2/2014	Sat	4:30	19.5	594	H
8/2/2014	Sat	11:10	3.5	107	L
8/2/2014	Sat	16:50	17.3	527	H
8/2/2014	Sat	23:15	3.5	107	L
8/3/2014	Sun	5:08	19	579	H
8/3/2014	Sun	11:59	4	122	L
8/3/2014	Sun	17:44	16.1	491	H
8/4/2014	Mon	0:01	4.9	149	L
8/4/2014	Mon	5:54	18.5	564	H
8/4/2014	Mon	13:00	4.3	131	L
8/4/2014	Mon	18:55	15.2	463	H
8/5/2014	Tue	1:01	6.1	186	L
8/5/2014	Tue	6:54	18.2	555	H
8/5/2014	Tue	14:16	4	122	L
8/5/2014	Tue	20:22	15.2	463	H
8/6/2014	Wed	2:17	6.7	204	L
8/6/2014	Wed	8:06	18.4	561	H
8/6/2014	Wed	15:33	3	91	L
8/6/2014	Wed	21:43	16.1	491	H
8/7/2014	Thu	3:36	6.3	192	L
8/7/2014	Thu	9:18	19.3	588	H
8/7/2014	Thu	16:40	1.3	40	L
8/7/2014	Thu	22:47	17.7	539	H
8/8/2014	Fri	4:45	5.1	155	L
8/8/2014	Fri	10:24	20.7	631	H
8/8/2014	Fri	17:35	-0.7	-21	L
8/8/2014	Fri	23:39	19.5	594	H
8/9/2014	Sat	5:43	3.3	101	L
8/9/2014	Sat	11:22	22.3	680	H
8/9/2014	Sat	18:23	-2.5	-76	L
8/10/2014	Sun	0:25	21.3	649	H
8/10/2014	Sun	6:34	1.4	43	L
8/10/2014	Sun	12:14	23.7	722	H
8/10/2014	Sun	19:08	-3.8	-116	L
8/11/2014	Mon	1:08	22.8	695	H
8/11/2014	Mon	7:22	-0.2	-6	L
8/11/2014	Mon	13:04	24.6	750	H
8/11/2014	Mon	19:50	-4.5	-137	L
8/12/2014	Tue	1:50	23.9	728	H
8/12/2014	Tue	8:08	-1.4	-43	L
8/12/2014	Tue	13:52	24.8	756	H
8/12/2014	Tue	20:33	-4.4	-134	L
8/13/2014	Wed	2:31	24.4	744	H
8/13/2014	Wed	8:54	-1.9	-58	L
8/13/2014	Wed	14:39	24.3	741	H
8/13/2014	Wed	21:15	-3.4	-104	L
8/14/2014	Thu	3:12	24.2	738	H
8/14/2014	Thu	9:40	-1.7	-52	L
8/14/2014	Thu	15:27	23	701	H
8/14/2014	Thu	21:57	-1.8	-55	L
8/15/2014	Fri	3:53	23.4	713	H
8/15/2014	Fri	10:29	-0.8	-24	L
8/15/2014	Fri	16:16	21.2	646	H
8/15/2014	Fri	22:42	0.3	9	L
8/16/2014	Sat	4:37	22.2	677	H
8/16/2014	Sat	11:21	0.5	15	L
8/16/2014	Sat	17:11	19.2	585	H
8/16/2014	Sat	23:30	2.7	82	L
8/17/2014	Sun	5:25	20.6	628	H
8/17/2014	Sun	12:20	2	61	L
8/17/2014	Sun	18:15	17.3	527	H
8/18/2014	Mon	0:26	4.9	149	L
8/18/2014	Mon	6:22	19.1	582	H
8/18/2014	Mon	13:31	3.3	101	L
8/18/2014	Mon	19:36	16	488	H
8/19/2014	Tue	1:35	6.5	198	L
8/19/2014	Tue	7:32	18	549	H
8/19/2014	Tue	14:57	3.7	113	L
8/19/2014	Tue	21:09	15.8	482	H
8/20/2014	Wed	3:00	7.3	223	L
8/20/2014	Wed	8:52	17.6	536	H
8/20/2014	Wed	16:17	3.3	101	L
8/20/2014	Wed	22:25	16.5	503	H
8/21/2014	Thu	4:22	6.9	210	L
8/21/2014	Thu	10:03	18	549	H
8/21/2014	Thu	17:16	2.5	76	L
8/21/2014	Thu	23:18	17.4	530	H
8/22/2014	Fri	5:20	5.9	180	L
8/22/2014	Fri	10:57	18.8	573	H
8/22/2014	Fri	17:58	1.6	49	L
8/22/2014	Fri	23:57	18.4	561	H
8/23/2014	Sat	6:03	4.7	143	L
8/23/2014	Sat	11:40	19.7	600	H
8/23/2014	Sat	18:32	0.8	24	L
8/24/2014	Sun	0:29	19.4	591	H
8/24/2014	Sun	6:39	3.6	110	L
8/24/2014	Sun	12:17	20.5	625	H
8/24/2014	Sun	19:02	0.1	3	L
8/25/2014	Mon	0:58	20.2	616	H
8/25/2014	Mon	7:12	2.5	76	L
8/25/2014	Mon	12:51	21.1	643	H
8/25/2014	Mon	19:31	-0.4	-12	L
8/26/2014	Tue	1:26	20.9	637	H
8/26/2014	Tue	7:44	1.6	49	L
8/26/2014	Tue	13:24	21.5	655	H
8/26/2014	Tue	20:00	-0.6	-18	L
8/27/2014	Wed	1:53	21.4	652	H
8/27/2014	Wed	8:16	1	30	L
8/27/2014	Wed	13:58	21.6	658	H
8/27/2014	Wed	20:30	-0.4	-12	L
8/28/2014	Thu	2:21	21.6	658	H
8/28/2014	Thu	8:49	0.8	24	L
8/28/2014	Thu	14:31	21.2	646	H
8/28/2014	Thu	21:01	0.2	6	L
8/29/2014	Fri	2:49	21.5	655	H
8/29/2014	Fri	9:22	0.9	27	L
8/29/2014	Fri	15:06	20.5	625	H
8/29/2014	Fri	21:32	1.2	37	L
8/30/2014	Sat	3:18	21.1	643	H
8/30/2014	Sat	9:57	1.4	43	L
8/30/2014	Sat	15:43	19.4	591	H
8/30/2014	Sat	22:06	2.4	73	L
8/31/2014	Sun	3:49	20.5	625	H
8/31/2014	Sun	10:36	2.1	64	L
8/31/2014	Sun	16:25	18.2	555	H
8/31/2014	Sun	22:43	3.9	119	L
9/1/2014	Mon	4:26	19.8	604	H
9/1/2014	Mon	11:22	2.9	88	L
9/1/2014	Mon	17:17	16.9	515	H
9/1/2014	Mon	23:29	5.3	162	L
9/2/2014	Tue	5:12	19	579	H
9/2/2014	Tue	12:21	3.6	110	L
9/2/2014	Tue	18:28	15.9	485	H
9/3/2014	Wed	0:32	6.6	201	L
9/3/2014	Wed	6:15	18.3	558	H
9/3/2014	Wed	13:39	3.9	119	L
9/3/2014	Wed	19:58	15.7	479	H
9/4/2014	Thu	1:54	7.1	216	L
9/4/2014	Thu	7:37	18.1	552	H
9/4/2014	Thu	15:03	3.2	98	L
9/4/2014	Thu	21:22	16.7	509	H
9/5/2014	Fri	3:20	6.5	198	L
9/5/2014	Fri	9:01	18.9	576	H
9/5/2014	Fri	16:16	1.8	55	L
9/5/2014	Fri	22:25	18.4	561	H
9/6/2014	Sat	4:32	4.8	146	L
9/6/2014	Sat	10:12	20.4	622	H
9/6/2014	Sat	17:13	0	0	L
9/6/2014	Sat	23:16	20.3	619	H
9/7/2014	Sun	5:29	2.6	79	L
9/7/2014	Sun	11:11	22.1	674	H
9/7/2014	Sun	18:02	-1.5	-46	L
9/8/2014	Mon	0:00	22.1	674	H
9/8/2014	Mon	6:19	0.4	12	L
9/8/2014	Mon	12:03	23.5	716	H
9/8/2014	Mon	18:46	-2.7	-82	L
9/9/2014	Tue	0:41	23.7	722	H
9/9/2014	Tue	7:06	-1.5	-46	L
9/9/2014	Tue	12:52	24.5	747	H
9/9/2014	Tue	19:28	-3.2	-98	L
9/10/2014	Wed	1:21	24.7	753	H
9/10/2014	Wed	7:50	-2.7	-82	L
9/10/2014	Wed	13:38	24.7	753	H
9/10/2014	Wed	20:09	-2.9	-88	L
9/11/2014	Thu	2:01	25.1	765	H
9/11/2014	Thu	8:34	-3.2	-98	L
9/11/2014	Thu	14:24	24.3	741	H
9/11/2014	Thu	20:50	-2	-61	L
9/12/2014	Fri	2:40	24.7	753	H
9/12/2014	Fri	9:17	-2.8	-85	L
9/12/2014	Fri	15:09	23.1	704	H
9/12/2014	Fri	21:31	-0.4	-12	L
9/13/2014	Sat	3:19	23.7	722	H
9/13/2014	Sat	10:02	-1.6	-49	L
9/13/2014	Sat	15:56	21.4	652	H
9/13/2014	Sat	22:14	1.6	49	L
9/14/2014	Sun	4:01	22.2	677	H
9/14/2014	Sun	10:50	0.1	3	L
9/14/2014	Sun	16:47	19.4	591	H
9/14/2014	Sun	23:00	3.8	116	L
9/15/2014	Mon	4:45	20.4	622	H
9/15/2014	Mon	11:44	2	61	L
9/15/2014	Mon	17:47	17.6	536	H
9/15/2014	Mon	23:54	5.9	180	L
9/16/2014	Tue	5:39	18.5	564	H
9/16/2014	Tue	12:49	3.7	113	L
9/16/2014	Tue	19:05	16.2	494	H
9/17/2014	Wed	1:05	7.4	226	L
9/17/2014	Wed	6:50	17.1	521	H
9/17/2014	Wed	14:14	4.6	140	L
9/17/2014	Wed	20:38	15.9	485	H
9/18/2014	Thu	2:37	7.9	241	L
9/18/2014	Thu	8:20	16.6	506	H
9/18/2014	Thu	15:43	4.5	137	L
9/18/2014	Thu	21:55	16.6	506	H
9/19/2014	Fri	4:05	7.2	219	L
9/19/2014	Fri	9:40	17.1	521	H
9/19/2014	Fri	16:45	3.8	116	L
9/19/2014	Fri	22:46	17.6	536	H
9/20/2014	Sat	5:02	5.9	180	L
9/20/2014	Sat	10:36	18	549	H
9/20/2014	Sat	17:28	3	91	L
9/20/2014	Sat	23:23	18.6	567	H
9/21/2014	Sun	5:42	4.5	137	L
9/21/2014	Sun	11:19	19.1	582	H
9/21/2014	Sun	18:01	2.1	64	L
9/21/2014	Sun	23:53	19.6	597	H
9/22/2014	Mon	6:16	3.1	94	L
9/22/2014	Mon	11:55	20.1	613	H
9/22/2014	Mon	18:31	1.4	43	L
9/23/2014	Tue	0:21	20.6	628	H
9/23/2014	Tue	6:47	1.7	52	L
9/23/2014	Tue	12:30	21	640	H
9/23/2014	Tue	19:00	0.8	24	L
9/24/2014	Wed	0:48	21.5	655	H
9/24/2014	Wed	7:19	0.6	18	L
9/24/2014	Wed	13:03	21.6	658	H
9/24/2014	Wed	19:30	0.5	15	L
9/25/2014	Thu	1:15	22.1	674	H
9/25/2014	Thu	7:50	-0.2	-6	L
9/25/2014	Thu	13:37	21.8	664	H
9/25/2014	Thu	20:01	0.6	18	L
9/26/2014	Fri	1:43	22.4	683	H
9/26/2014	Fri	8:22	-0.5	-15	L
9/26/2014	Fri	14:12	21.7	661	H
9/26/2014	Fri	20:33	1.1	34	L
9/27/2014	Sat	2:13	22.4	683	H
9/27/2014	Sat	8:56	-0.5	-15	L
9/27/2014	Sat	14:48	21.1	643	H
9/27/2014	Sat	21:06	1.9	58	L
9/28/2014	Sun	2:43	22.1	674	H
9/28/2014	Sun	9:31	-0.1	-3	L
9/28/2014	Sun	15:26	20.2	616	H
9/28/2014	Sun	21:42	3.1	94	L
9/29/2014	Mon	3:17	21.4	652	H
9/29/2014	Mon	10:11	0.7	21	L
9/29/2014	Mon	16:10	19	579	H
9/29/2014	Mon	22:22	4.4	134	L
9/30/2014	Tue	3:56	20.5	625	H
9/30/2014	Tue	10:57	1.7	52	L
9/30/2014	Tue	17:03	17.8	543	H
9/30/2014	Tue	23:11	5.8	177	L
10/1/2014	Wed	4:45	19.3	588	H
10/1/2014	Wed	11:56	2.8	85	L
10/1/2014	Wed	18:13	16.9	515	H
10/2/2014	Thu	0:17	6.8	207	L
10/2/2014	Thu	5:52	18.3	558	H
10/2/2014	Thu	13:11	3.5	107	L
10/2/2014	Thu	19:37	16.8	512	H
10/3/2014	Fri	1:41	7.1	216	L
10/3/2014	Fri	7:20	17.9	546	H
10/3/2014	Fri	14:34	3.3	101	L
10/3/2014	Fri	20:56	17.8	543	H
10/4/2014	Sat	3:07	6	183	L
10/4/2014	Sat	8:48	18.5	564	H
10/4/2014	Sat	15:49	2.4	73	L
10/4/2014	Sat	21:58	19.4	591	H
10/5/2014	Sun	4:19	4.1	125	L
10/5/2014	Sun	10:01	19.9	607	H
10/5/2014	Sun	16:48	1.1	34	L
10/5/2014	Sun	22:48	21.1	643	H
10/6/2014	Mon	5:15	1.7	52	L
10/6/2014	Mon	11:00	21.5	655	H
10/6/2014	Mon	17:38	-0.1	-3	L
10/6/2014	Mon	23:32	22.8	695	H
10/7/2014	Tue	6:04	-0.5	-15	L
10/7/2014	Tue	11:52	22.8	695	H
10/7/2014	Tue	18:23	-0.9	-27	L
10/8/2014	Wed	0:13	24.1	735	H
10/8/2014	Wed	6:49	-2.3	-70	L
10/8/2014	Wed	12:39	23.7	722	H
10/8/2014	Wed	19:05	-1.2	-37	L
10/9/2014	Thu	0:52	24.9	759	H
10/9/2014	Thu	7:32	-3.4	-104	L
10/9/2014	Thu	13:25	24	732	H
10/9/2014	Thu	19:46	-0.9	-27	L
10/10/2014	Fri	1:31	25.1	765	H
10/10/2014	Fri	8:14	-3.7	-113	L
10/10/2014	Fri	14:09	23.7	722	H
10/10/2014	Fri	20:26	-0.1	-3	L
10/11/2014	Sat	2:10	24.6	750	H
10/11/2014	Sat	8:55	-3.1	-94	L
10/11/2014	Sat	14:53	22.8	695	H
10/11/2014	Sat	21:07	1.3	40	L
10/12/2014	Sun	2:48	23.5	716	H
10/12/2014	Sun	9:37	-1.9	-58	L
10/12/2014	Sun	15:38	21.4	652	H
10/12/2014	Sun	21:49	2.9	88	L
10/13/2014	Mon	3:28	22	671	H
10/13/2014	Mon	10:21	-0.1	-3	L
10/13/2014	Mon	16:25	19.7	600	H
10/13/2014	Mon	22:34	4.7	143	L
10/14/2014	Tue	4:10	20.1	613	H
10/14/2014	Tue	11:10	1.8	55	L
10/14/2014	Tue	17:20	18.1	552	H
10/14/2014	Tue	23:26	6.4	195	L
10/15/2014	Wed	5:00	18.3	558	H
10/15/2014	Wed	12:07	3.6	110	L
10/15/2014	Wed	18:28	16.9	515	H
10/16/2014	Thu	0:33	7.7	235	L
10/16/2014	Thu	6:06	16.7	509	H
10/16/2014	Thu	13:18	4.9	149	L
10/16/2014	Thu	19:49	16.4	500	H
10/17/2014	Fri	2:01	8.1	247	L
10/17/2014	Fri	7:33	15.9	485	H
10/17/2014	Fri	14:42	5.4	165	L
10/17/2014	Fri	21:04	16.8	512	H
10/18/2014	Sat	3:31	7.3	223	L
10/18/2014	Sat	8:59	16.2	494	H
10/18/2014	Sat	15:52	5.1	155	L
10/18/2014	Sat	21:57	17.7	539	H
10/19/2014	Sun	4:31	6	183	L
10/19/2014	Sun	10:02	17.1	521	H
10/19/2014	Sun	16:41	4.4	134	L
10/19/2014	Sun	22:36	18.7	570	H
10/20/2014	Mon	5:13	4.4	134	L
10/20/2014	Mon	10:49	18.2	555	H
10/20/2014	Mon	17:19	3.7	113	L
10/20/2014	Mon	23:09	19.7	600	H
10/21/2014	Tue	5:48	2.8	85	L
10/21/2014	Tue	11:29	19.3	588	H
10/21/2014	Tue	17:53	3	91	L
10/21/2014	Tue	23:39	20.8	634	H
10/22/2014	Wed	6:20	1.3	40	L
10/22/2014	Wed	12:06	20.4	622	H
10/22/2014	Wed	18:26	2.4	73	L
10/23/2014	Thu	0:08	21.8	664	H
10/23/2014	Thu	6:52	0	0	L
10/23/2014	Thu	12:42	21.2	646	H
10/23/2014	Thu	18:59	2	61	L
10/24/2014	Fri	0:38	22.5	686	H
10/24/2014	Fri	7:25	-1	-30	L
10/24/2014	Fri	13:19	21.7	661	H
10/24/2014	Fri	19:33	1.9	58	L
10/25/2014	Sat	1:10	23	701	H
10/25/2014	Sat	7:59	-1.6	-49	L
10/25/2014	Sat	13:56	21.8	664	H
10/25/2014	Sat	20:08	2.1	64	L
10/26/2014	Sun	1:43	23.1	704	H
10/26/2014	Sun	8:35	-1.7	-52	L
10/26/2014	Sun	14:34	21.5	655	H
10/26/2014	Sun	20:45	2.7	82	L
10/27/2014	Mon	2:17	22.9	698	H
10/27/2014	Mon	9:13	-1.4	-43	L
10/27/2014	Mon	15:15	20.9	637	H
10/27/2014	Mon	21:25	3.5	107	L
10/28/2014	Tue	2:56	22.2	677	H
10/28/2014	Tue	9:54	-0.6	-18	L
10/28/2014	Tue	16:01	20	610	H
10/28/2014	Tue	22:09	4.5	137	L
10/29/2014	Wed	3:39	21.1	643	H
10/29/2014	Wed	10:42	0.5	15	L
10/29/2014	Wed	16:54	19.1	582	H
10/29/2014	Wed	23:02	5.6	171	L
10/30/2014	Thu	4:32	19.8	604	H
10/30/2014	Thu	11:38	1.7	52	L
10/30/2014	Thu	17:58	18.4	561	H
10/31/2014	Fri	0:09	6.3	192	L
10/31/2014	Fri	5:40	18.6	567	H
10/31/2014	Fri	12:47	2.8	85	L
10/31/2014	Fri	19:12	18.3	558	H
11/1/2014	Sat	1:29	6.3	192	L
11/1/2014	Sat	7:05	17.9	546	H
11/1/2014	Sat	14:03	3.2	98	L
11/1/2014	Sat	20:24	19	579	H
11/2/2014	Sun	2:51	5.2	158	L
11/2/2014	Sun	8:33	18.1	552	H
11/2/2014	Sun	15:16	3.1	94	L
11/2/2014	Sun	21:25	20.2	616	H
11/3/2014	Mon	4:02	3.3	101	L
11/3/2014	Mon	9:47	19.2	585	H
11/3/2014	Mon	16:19	2.5	76	L
11/3/2014	Mon	22:17	21.6	658	H
11/4/2014	Tue	5:00	1.1	34	L
11/4/2014	Tue	10:48	20.5	625	H
11/4/2014	Tue	17:12	1.9	58	L
11/4/2014	Tue	23:03	22.9	698	H
11/5/2014	Wed	5:49	-0.8	-24	L
11/5/2014	Wed	11:41	21.6	658	H
11/5/2014	Wed	17:59	1.4	43	L
11/5/2014	Wed	23:46	23.9	728	H
11/6/2014	Thu	6:33	-2.3	-70	L
11/6/2014	Thu	12:29	22.5	686	H
11/6/2014	Thu	18:43	1.2	37	L
11/7/2014	Fri	0:26	24.5	747	H
11/7/2014	Fri	7:15	-3.2	-98	L
11/7/2014	Fri	13:14	22.9	698	H
11/7/2014	Fri	19:25	1.3	40	L
11/8/2014	Sat	1:05	24.5	747	H
11/8/2014	Sat	7:56	-3.4	-104	L
11/8/2014	Sat	13:57	22.8	695	H
11/8/2014	Sat	20:06	1.8	55	L
11/9/2014	Sun	1:44	24	732	H
11/9/2014	Sun	8:36	-2.9	-88	L
11/9/2014	Sun	14:39	22.2	677	H
11/9/2014	Sun	20:46	2.7	82	L
11/10/2014	Mon	2:22	23.1	704	H
11/10/2014	Mon	9:16	-1.8	-55	L
11/10/2014	Mon	15:21	21.3	649	H
11/10/2014	Mon	21:28	3.8	116	L
11/11/2014	Tue	3:01	21.8	664	H
11/11/2014	Tue	9:56	-0.4	-12	L
11/11/2014	Tue	16:05	20.1	613	H
11/11/2014	Tue	22:11	5.1	155	L
11/12/2014	Wed	3:42	20.2	616	H
11/12/2014	Wed	10:39	1.3	40	L
11/12/2014	Wed	16:52	18.9	576	H
11/12/2014	Wed	23:00	6.3	192	L
11/13/2014	Thu	4:28	18.5	564	H
11/13/2014	Thu	11:27	3	91	L
11/13/2014	Thu	17:45	17.9	546	H
11/13/2014	Thu	23:57	7.3	223	L
11/14/2014	Fri	5:23	17	518	H
11/14/2014	Fri	12:22	4.4	134	L
11/14/2014	Fri	18:47	17.2	524	H
11/15/2014	Sat	1:09	7.7	235	L
11/15/2014	Sat	6:35	15.9	485	H
11/15/2014	Sat	13:27	5.5	168	L
11/15/2014	Sat	19:52	17.2	524	H
11/16/2014	Sun	2:31	7.3	223	L
11/16/2014	Sun	7:58	15.6	475	H
11/16/2014	Sun	14:35	5.9	180	L
11/16/2014	Sun	20:51	17.7	539	H
11/17/2014	Mon	3:42	6.2	189	L
11/17/2014	Mon	9:13	16.1	491	H
11/17/2014	Mon	15:37	5.8	177	L
11/17/2014	Mon	21:38	18.5	564	H
11/18/2014	Tue	4:33	4.7	143	L
11/18/2014	Tue	10:12	17	518	H
11/18/2014	Tue	16:27	5.3	162	L
11/18/2014	Tue	22:17	19.5	594	H
11/19/2014	Wed	5:14	3	91	L
11/19/2014	Wed	11:00	18.2	555	H
11/19/2014	Wed	17:11	4.7	143	L
11/19/2014	Wed	22:54	20.6	628	H
11/20/2014	Thu	5:51	1.4	43	L
11/20/2014	Thu	11:42	19.4	591	H
11/20/2014	Thu	17:51	4.1	125	L
11/20/2014	Thu	23:29	21.7	661	H
11/21/2014	Fri	6:27	-0.1	-3	L
11/21/2014	Fri	12:22	20.4	622	H
11/21/2014	Fri	18:30	3.5	107	L
11/22/2014	Sat	0:05	22.7	692	H
11/22/2014	Sat	7:03	-1.4	-43	L
11/22/2014	Sat	13:02	21.3	649	H
11/22/2014	Sat	19:09	3	91	L
11/23/2014	Sun	0:42	23.4	713	H
11/23/2014	Sun	7:40	-2.3	-70	L
11/23/2014	Sun	13:42	21.8	664	H
11/23/2014	Sun	19:48	2.8	85	L
11/24/2014	Mon	1:21	23.7	722	H
11/24/2014	Mon	8:19	-2.7	-82	L
11/24/2014	Mon	14:23	22	671	H
11/24/2014	Mon	20:29	2.8	85	L
11/25/2014	Tue	2:01	23.6	719	H
11/25/2014	Tue	8:59	-2.7	-82	L
11/25/2014	Tue	15:06	21.8	664	H
11/25/2014	Tue	21:13	3.2	98	L
11/26/2014	Wed	2:44	23	701	H
11/26/2014	Wed	9:42	-2	-61	L
11/26/2014	Wed	15:52	21.3	649	H
11/26/2014	Wed	22:00	3.8	116	L
11/27/2014	Thu	3:31	22	671	H
11/27/2014	Thu	10:29	-0.9	-27	L
11/27/2014	Thu	16:42	20.7	631	H
11/27/2014	Thu	22:54	4.4	134	L
11/28/2014	Fri	4:25	20.6	628	H
11/28/2014	Fri	11:22	0.5	15	L
11/28/2014	Fri	17:38	20.2	616	H
11/28/2014	Fri	23:57	4.9	149	L
11/29/2014	Sat	5:30	19.1	582	H
11/29/2014	Sat	12:21	2	61	L
11/29/2014	Sat	18:40	19.9	607	H
11/30/2014	Sun	1:10	4.9	149	L
11/30/2014	Sun	6:47	18	549	H
11/30/2014	Sun	13:28	3.2	98	L
11/30/2014	Sun	19:45	20.1	613	H
12/1/2014	Mon	2:28	4.2	128	L
12/1/2014	Mon	8:12	17.7	539	H
12/1/2014	Mon	14:39	3.9	119	L
12/1/2014	Mon	20:48	20.7	631	H
12/2/2014	Tue	3:41	2.8	85	L
12/2/2014	Tue	9:31	18.2	555	H
12/2/2014	Tue	15:47	4.1	125	L
12/2/2014	Tue	21:45	21.5	655	H
12/3/2014	Wed	4:43	1.2	37	L
12/3/2014	Wed	10:37	19.1	582	H
12/3/2014	Wed	16:46	4	122	L
12/3/2014	Wed	22:36	22.3	680	H
12/4/2014	Thu	5:35	-0.4	-12	L
12/4/2014	Thu	11:33	20.2	616	H
12/4/2014	Thu	17:38	3.6	110	L
12/4/2014	Thu	23:22	22.9	698	H
12/5/2014	Fri	6:21	-1.6	-49	L
12/5/2014	Fri	12:22	21	640	H
12/5/2014	Fri	18:25	3.3	101	L
12/6/2014	Sat	0:06	23.4	713	H
12/6/2014	Sat	7:03	-2.3	-70	L
12/6/2014	Sat	13:06	21.6	658	H
12/6/2014	Sat	19:08	3.1	94	L
12/7/2014	Sun	0:46	23.5	716	H
12/7/2014	Sun	7:42	-2.6	-79	L
12/7/2014	Sun	13:47	21.8	664	H
12/7/2014	Sun	19:49	3.1	94	L
12/8/2014	Mon	1:26	23.2	707	H
12/8/2014	Mon	8:20	-2.4	-73	L
12/8/2014	Mon	14:26	21.7	661	H
12/8/2014	Mon	20:29	3.4	104	L
12/9/2014	Tue	2:04	22.6	689	H
12/9/2014	Tue	8:57	-1.7	-52	L
12/9/2014	Tue	15:04	21.3	649	H
12/9/2014	Tue	21:09	3.9	119	L
12/10/2014	Wed	2:41	21.7	661	H
12/10/2014	Wed	9:34	-0.7	-21	L
12/10/2014	Wed	15:42	20.6	628	H
12/10/2014	Wed	21:50	4.6	140	L
12/11/2014	Thu	3:20	20.5	625	H
12/11/2014	Thu	10:12	0.6	18	L
12/11/2014	Thu	16:21	19.8	604	H
12/11/2014	Thu	22:33	5.4	165	L
12/12/2014	Fri	4:01	19.2	585	H
12/12/2014	Fri	10:51	2	61	L
12/12/2014	Fri	17:02	19	579	H
12/12/2014	Fri	23:20	6.2	189	L
12/13/2014	Sat	4:47	17.7	539	H
12/13/2014	Sat	11:33	3.5	107	L
12/13/2014	Sat	17:47	18.3	558	H
12/14/2014	Sun	0:16	6.7	204	L
12/14/2014	Sun	5:42	16.4	500	H
12/14/2014	Sun	12:21	4.8	146	L
12/14/2014	Sun	18:37	17.9	546	H
12/15/2014	Mon	1:21	6.8	207	L
12/15/2014	Mon	6:51	15.5	472	H
12/15/2014	Mon	13:18	5.9	180	L
12/15/2014	Mon	19:32	17.9	546	H
12/16/2014	Tue	2:34	6.3	192	L
12/16/2014	Tue	8:11	15.3	466	H
12/16/2014	Tue	14:23	6.6	201	L
12/16/2014	Tue	20:28	18.3	558	H
12/17/2014	Wed	3:41	5.2	158	L
12/17/2014	Wed	9:26	15.8	482	H
12/17/2014	Wed	15:27	6.7	204	L
12/17/2014	Wed	21:20	19	579	H
12/18/2014	Thu	4:35	3.6	110	L
12/18/2014	Thu	10:27	16.9	515	H
12/18/2014	Thu	16:25	6.3	192	L
12/18/2014	Thu	22:08	20	610	H
12/19/2014	Fri	5:21	1.9	58	L
12/19/2014	Fri	11:19	18.2	555	H
12/19/2014	Fri	17:17	5.5	168	L
12/19/2014	Fri	22:54	21.2	646	H
12/20/2014	Sat	6:03	0.2	6	L
12/20/2014	Sat	12:04	19.6	597	H
12/20/2014	Sat	18:04	4.6	140	L
12/20/2014	Sat	23:38	22.4	683	H
12/21/2014	Sun	6:44	-1.5	-46	L
12/21/2014	Sun	12:47	20.9	637	H
12/21/2014	Sun	18:48	3.6	110	L
12/22/2014	Mon	0:22	23.4	713	H
12/22/2014	Mon	7:24	-2.8	-85	L
12/22/2014	Mon	13:29	21.9	668	H
12/22/2014	Mon	19:32	2.8	85	L
12/23/2014	Tue	1:06	24.1	735	H
12/23/2014	Tue	8:05	-3.6	-110	L
12/23/2014	Tue	14:10	22.6	689	H
12/23/2014	Tue	20:16	2.2	67	L
12/24/2014	Wed	1:51	24.3	741	H
12/24/2014	Wed	8:46	-3.7	-113	L
12/24/2014	Wed	14:53	22.9	698	H
12/24/2014	Wed	21:02	1.9	58	L
12/25/2014	Thu	2:37	23.9	728	H
12/25/2014	Thu	9:29	-3.2	-98	L
12/25/2014	Thu	15:36	22.9	698	H
12/25/2014	Thu	21:49	2	61	L
12/26/2014	Fri	3:25	23	701	H
12/26/2014	Fri	10:14	-2.1	-64	L
12/26/2014	Fri	16:21	22.5	686	H
12/26/2014	Fri	22:41	2.4	73	L
12/27/2014	Sat	4:17	21.5	655	H
12/27/2014	Sat	11:02	-0.5	-15	L
12/27/2014	Sat	17:10	21.9	668	H
12/27/2014	Sat	23:39	3	91	L
12/28/2014	Sun	5:16	19.8	604	H
12/28/2014	Sun	11:54	1.4	43	L
12/28/2014	Sun	18:04	21.2	646	H
12/29/2014	Mon	0:44	3.4	104	L
12/29/2014	Mon	6:25	18.2	555	H
12/29/2014	Mon	12:54	3.3	101	L
12/29/2014	Mon	19:04	20.7	631	H
12/30/2014	Tue	1:58	3.4	104	L
12/30/2014	Tue	7:47	17.2	524	H
12/30/2014	Tue	14:01	4.8	146	L
12/30/2014	Tue	20:09	20.4	622	H
12/31/2014	Wed	3:16	2.8	85	L
12/31/2014	Wed	9:13	17.1	521	H
12/31/2014	Wed	15:14	5.6	171	L
12/31/2014	Wed	21:13	20.6	628	H
